{
	"format_version": "1.9.0",
	"credit": "Made with Blockbench",
	"texture_size": [64, 64],
	"textures": {
		"0": "item/strength_item",
		"particle": "item/strength_item"
	},
	"elements": [
		{
			"from": [4, 0, 4],
			"to": [12, 8, 12],
			"rotation": {"angle": 0, "axis": "y", "origin": [3, 0, 3]},
			"faces": {
				"north": {"uv": [0, 0, 2.5, 2.5], "texture": "#0"},
				"east": {"uv": [0, 2.5, 2.5, 5], "texture": "#0"},
				"south": {"uv": [2.5, 0, 5, 2.5], "texture": "#0"},
				"west": {"uv": [2.5, 2.5, 5, 5], "texture": "#0"},
				"up": {"uv": [2.5, 7.5, 0, 5], "texture": "#0"},
				"down": {"uv": [7.5, 0, 5, 2.5], "texture": "#0"}
			}
		},
		{
			"from": [6, 8, 6],
			"to": [10, 9, 10],
			"rotation": {"angle": 0, "axis": "y", "origin": [3, 8, 3]},
			"faces": {
				"north": {"uv": [7, 4, 8.5, 4.25], "texture": "#0"},
				"east": {"uv": [7, 4.25, 8.5, 4.5], "texture": "#0"},
				"south": {"uv": [0, 7.5, 1.5, 7.75], "texture": "#0"},
				"west": {"uv": [7.5, 0, 9, 0.25], "texture": "#0"},
				"up": {"uv": [6, 6.5, 4.5, 5], "texture": "#0"},
				"down": {"uv": [7.5, 4.5, 6, 6], "texture": "#0"}
			}
		},
		{
			"from": [6, 11, 6],
			"to": [10, 12, 10],
			"rotation": {"angle": 0, "axis": "y", "origin": [3, 11, 3]},
			"faces": {
				"north": {"uv": [9.875, 2.25, 11.375, 2.5], "texture": "#0"},
				"east": {"uv": [9.875, 1.875, 11.375, 2.125], "texture": "#0"},
				"south": {"uv": [9.875, 3, 11.375, 3.25], "texture": "#0"},
				"west": {"uv": [9.875, 2.625, 11.375, 2.875], "texture": "#0"},
				"up": {"uv": [6, 6.5, 4.5, 5], "texture": "#0"},
				"down": {"uv": [11.75, 2.5, 10.25, 4], "texture": "#0"}
			}
		},
		{
			"from": [5, 9, 5],
			"to": [11, 11, 11],
			"rotation": {"angle": 0, "axis": "y", "origin": [3, 9, 3]},
			"faces": {
				"north": {"uv": [2.5, 7, 4.5, 7.5], "texture": "#0"},
				"east": {"uv": [7, 2.5, 9, 3], "texture": "#0"},
				"south": {"uv": [7, 3, 9, 3.5], "texture": "#0"},
				"west": {"uv": [7, 3.5, 9, 4], "texture": "#0"},
				"up": {"uv": [4.5, 7, 2.5, 5], "texture": "#0"},
				"down": {"uv": [7, 2.5, 5, 4.5], "texture": "#0"}
			}
		}
	],
	"display": {
		"thirdperson_righthand": {
			"translation": [0, 1.5, 0],
			"scale": [0.4, 0.4, 0.4]
		},
		"thirdperson_lefthand": {
			"translation": [0, 1.5, 0],
			"scale": [0.4, 0.4, 0.4]
		},
		"firstperson_righthand": {
			"rotation": [0, 38.25, 0],
			"translation": [0, 1.5, 0],
			"scale": [0.5, 0.5, 0.5]
		},
		"firstperson_lefthand": {
			"rotation": [0, 38.25, 0],
			"translation": [0, 1.5, 0],
			"scale": [0.5, 0.5, 0.5]
		},
		"ground": {
			"translation": [0, 2, 0],
			"scale": [0.5, 0.5, 0.5]
		},
		"gui": {
			"rotation": [0, -19, 0],
			"translation": [0, 1.5, 0]
		},
		"head": {
			"translation": [0, 1.5, 0],
			"scale": [0.5, 0.5, 0.5]
		},
		"fixed": {
			"translation": [0, 1.5, 0]
		}
	}
}